,Property Address,City,State,Zip,LINK,Leasing Broker Name 1,Listing Broker Title 1,Leasing Broker Email 1,Property Owner Name,Property Owner Email,Property Owner Phone Number,SF Available For Lease,Asking Rent PSF,LINK,Median Household Income (TTA 70%),Population Size (TTA 70%),Renter % (TTA 70%),VPD,Visits per yr. (Shopping Center),Visits per yr. (Individual Suite),Property Name,County Name,Submarket Name,Property Type,Secondary Type,RBA,Total Available Space (SF),Rent/SF/Yr,Year Built,Zoning,Leasing Company Name,Leasing Company Contact,Sale Company Name,Sale Company Contact,Owner Address,Owner City State Zip,Owner Contact,Owner Name,Owner Phone,Property Manager Address,Property Manager City State Zip,Property Manager Contact,Property Manager Name,Property Manager Phone,Last Sale Date,Last Sale Price,For Sale Price,For Sale Status,Percent Leased,Year Renovated,Typical Floor Size,Parking Ratio,Tenancy,FEMA Map Date,FEMA Map Identifier,FIRM ID,FIRM Panel Number,In SFHA,Floodplain Area,% 1-Bed,% 2-Bed,% 3-Bed,% 4-Bed,% Studios,Affordable Type,All-Inclusive,All-Suites,Amenities,Anchor GLA,Anchor Tenants,Architect Name,Average Weighted Rent,Avg Asking/Bed,Avg Asking/SF,Avg Asking/Unit,Avg Concessions %,Avg Effective/SF,Avg Effective/Unit,Avg Rent-Direct (Industrial),Avg Rent-Direct (Office),Avg Rent-Direct (Retail),Avg Rent-Sublet (Industrial),Avg Rent-Sublet (Office),Avg Rent-Sublet (Retail),Avg Unit SF,Brand,Building Operating Expenses,Building Park,Building Tax Expenses,Cap Rate,Capacity - Available kW,Capacity - Critical IT kW,Capacity - Total Utility kW,Ceiling Ht,Closest Transit Stop,Closest Transit Stop Dist (mi),Closest Transit Stop Walk Time (min),Collateral Type,Column Spacing,Condo,Constr Status,Construction Begin,Construction Material,Continent,Cooling Redundancy,Core Factor,Country,Coworking Available Space,Cross Street,Data Center Hall Count,Data Center Type,Data Center Yearly Rate Per kW,Data Hall Area SF,Data Participation,Days On Market,Density kW/rack,Density kW/SF,Developer Name,Direct Available Space,Direct Services,Direct Vacant Space,Drive Ins,Exp Year,Expansion Rooms,Expansion Status,Expansion Status Month,Expansion Status Year,Features,Fema Flood Zone,Flood Risk Area,For Sale Price Per Room,For Sale Price Per SF,For Sale Price Per Unit,Four Bedroom Asking Rent/Bed,Four Bedroom Asking Rent/SF,Four Bedroom Asking Rent/Unit,Four Bedroom Avg SF,Four Bedroom Concessions %,Four Bedroom Effective Rent/Bed,Four Bedroom Effective Rent/SF,Four Bedroom Effective Rent/Unit,Four Bedroom Vacancy %,Four Bedroom Vacant Units,Fund Name,Gas,Has Lab Space,Heating,Hotel Class,Hotel Grade,Hotel Location Type,Hotel Open Date,Hotel Operator,Interest Rate,Interest Rate Type,Lab Space (SF),Lab Space Percent Composition,Land Area (AC),Land Area (SF),Latitude,Leasing Company Address,Leasing Company City State Zip,Leasing Company Fax,Leasing Company Phone,Loan Type,Longitude,Market Segment,Maturity Date,Max Building Contiguous Space,Max Contig Mtg Space,Max Floor Contiguous Space,Month Built,Month Renovated,Mtg Rooms,Number Of 1 Bedrooms Units,Number Of 2 Bedrooms Units,Number Of 3 Bedrooms Units,Number Of 4 Bedrooms Units,Number of Beds,Number Of Cranes,Number Of Elevators,Number Of Loading Docks,Number Of Parking Spaces,Number Of Stories,Number Of Studios Units,Number Of Units,Office Space,One Bedroom Asking Rent/Bed,One Bedroom Asking Rent/SF,One Bedroom Asking Rent/Unit,One Bedroom Avg SF,One Bedroom Concessions %,One Bedroom Effective Rent/Bed,One Bedroom Effective Rent/SF,One Bedroom Effective Rent/Unit,One Bedroom Vacancy %,One Bedroom Vacant Units,Operation Type,Operational Status,Ops Expense,Ops Expense Per SF,Origination Amount,Origination Date,Originator,Parcel Number 1(Min),Parcel Number 2(Max),Parent Company,Parking Spaces/Room,Parking Spaces/Unit,Power,Power Redundancy,Power Usage Effectiveness,Pre-Leasing,Primary Agent Name,Primary Corridors,Property Location,PropertyID,Proposed Brand,Proposed Brand Start Date,Proposed Land Use,Rail Lines,Recorded Owner Address,Recorded Owner City State Zip,Recorded Owner Contact,Recorded Owner Name,Recorded Owner Phone,Rent Type,Restaurant,Rooms,Sale Company Address,Sale Company City State Zip,Sale Company Fax,Sale Company Phone,Sales Company,Sales Contact,Sales Contact Phone,Scale,Services,Sewer,Smallest Available Space,Sprinklers,Studio Asking Rent/Bed,Studio Asking Rent/SF,Studio Asking Rent/Unit,Studio Avg SF,Studio Concessions %,Studio Effective Rent/Bed,Studio Effective Rent/SF,Studio Effective Rent/Unit,Studio Vacancy %,Studio Vacant Units,Style,Subcontinent,Sublet Available Space,Sublet Services,Sublet Vacant Space,Tax Year,Taxes Per SF,Taxes Total,Three Bedroom Asking Rent/Bed,Three Bedroom Asking Rent/SF,Three Bedroom Asking Rent/Unit,Three Bedroom Avg SF,Three Bedroom Concessions %,Three Bedroom Effective Rent/Bed,Three Bedroom Effective Rent/SF,Three Bedroom Effective Rent/Unit,Three Bedroom Vacancy %,Three Bedroom Vacant Units,Tier,Total Buildings,Total Mtg Space,Total New Space (SF),Total Relet Space (SF),Total Sublet Space (SF),Total Vacant Avail Relet Space (SF),Total Vacant Avail Sublet Space (SF),Total Vacant Available,True Owner Address,True Owner City State Zip,True Owner Contact,True Owner Name,True Owner Phone,Two Bedroom Asking Rent/Bed,Two Bedroom Asking Rent/SF,Two Bedroom Asking Rent/Unit,Two Bedroom Avg SF,Two Bedroom Concessions %,Two Bedroom Effective Rent/Bed,Two Bedroom Effective Rent/SF,Two Bedroom Effective Rent/Unit,Two Bedroom Vacancy %,Two Bedroom Vacant Units,University,Utility Name,Vacancy %,Water,2020 Avg Age(5m),2020 Med Age(5m),2020 Pop Age 0-4(5m),2020 Pop Age 10-14(5m),2020 Pop Age 15-19(5m),2020 Pop Age 20-24(5m),2020 Pop Age 45-49(5m),2020 Pop Age 50-54(5m),2020 Pop Age 55-59(5m),2020 Pop Age 5-9(5m),2020 Pop Age 60-64(5m),2020 Pop Age 65+(5m),2020 Pop Age 85+(5m),2024 Avg Age(5m),"2024 Avg Age, Female(5m)","2024 Avg Age, Male(5m)",2024 HH Age 15-24(5m),2024 HH Age 25-34(5m),2024 HH Age 35-44(5m),2024 HH Age 45-54(5m),2024 HH Age 55-64(5m),2024 HH Age 65-74(5m),2024 HH Age 75-84(5m),2024 HH Age 85+(5m),2024 Med Age(5m),"2024 Med Age, Female(5m)","2024 Med Age, Male(5m)",2024 Median HH Age(5m),2024 Pop Age <19(5m),2024 Pop Age 0-4(5m),2024 Pop Age 10-14(5m),2024 Pop Age 15-19(5m),2024 Pop Age 20-24(5m),2024 Pop Age 20-64(5m),2024 Pop Age 25-29(5m),2024 Pop Age 30-34(5m),2024 Pop Age 35-39(5m),2024 Pop Age 40-44(5m),2024 Pop Age 45-49(5m),2024 Pop Age 50-54(5m),2024 Pop Age 55-59(5m),2024 Pop Age 5-9(5m),2024 Pop Age 60-64(5m),2024 Pop Age 65+(5m),2024 Pop Age 65-69(5m),2024 Pop Age 70-74(5m),2024 Pop Age 75-79(5m),2024 Pop Age 80-84(5m),2024 Pop Age 85+(5m),2029 Avg Age(5m),2029 Avg Female Age(5m),2029 Avg Male Age(5m),2029 HH Age 15-24(5m),2029 HH Age 25-34(5m),2029 HH Age 35-44(5m),2029 HH Age 45-54(5m),2029 HH Age 55-64(5m),2029 HH Age 65-74(5m),2029 HH Age 75-84(5m),2029 HH Age 85+(5m),2029 Med Age(5m),2029 Median HH Age(5m),2029 Pop Age <19(5m),2029 Pop Age 0-4(5m),2029 Pop Age 10-14(5m),2029 Pop Age 15-19(5m),2029 Pop Age 20-24(5m),2029 Pop Age 20-64(5m),2029 Pop Age 25-29(5m),2029 Pop Age 30-34(5m),2029 Pop Age 35-39(5m),2029 Pop Age 40-44(5m),2029 Pop Age 45-49(5m),2029 Pop Age 50-54(5m),2029 Pop Age 55-59(5m),2029 Pop Age 5-9(5m),2029 Pop Age 60-64(5m),2029 Pop Age 65+(5m),2029 Pop Age 65-69(5m),2029 Pop Age 70-74(5m),2029 Pop Age 75-79(5m),2029 Pop Age 80-84(5m),2029 Pop Age 85+(5m),Star Rating,Energy Star,LEED Certified,Building Class,Building Status,Market Name,Submarket Cluster
,2539 Telegraph Ave,Berkeley,CA,94704-2917,https://product.costar.com/detail/all-properties/9275759/contacts,Cody Milch,Director of Marketing,cmilch@laundrylux.com,Patrick Kennedy,patrick@panoramic.com,(510) 883-1000 X300 (p),"2,000 - 4,434 SF",$28.00 NNN,https://analytics.placer.ai/insights/venues/1a2a21f630a89d7a29dff4af/custom-report?filter=%5B%7B%22date%22%3A%7B%22key%22%3A%22last_full_12_months%22%2C%22name%22%3A%22Last+full+12+months%22%2C%22chosenLabel%22%3A%22Last+full+12+months%22%2C%22end%22%3A%222026-01-31%22%2C%22start%22%3A%222025-02-01%22%7D%7D%5D,"$91,148.93","151,562",69.70%,7.1K,N/A,36.1K,The Panoramic Berkeley,Alameda,Elmwood,Student,Apartments (Student),"70,000","4,434",$33.00,2019,,Panoramic Interests,Niloo Nouri,,,2539 Telegraph Ave Suite # 101,"Berkeley, CA 94704-2917",Patrick Kennedy,Panoramic Interests,5108831000,2539 Telegraph Ave,"Berkeley, CA 94704-2917",,Panoramic - The Panoramic Berkeley,5108839000,,,,N,,,11500,,,08/03/2009,06001C0057G,06001C,0057G,No,100-year and 500-year Floodplain,,,27.14,64.29,8.57,,No,No,"Bicycle Storage, Elevator, Furnished Units Available, Lounge, On-Site Retail, Smoke Free",,,Lowney Architecture,$33.0000,"$1,564",$7.56,"$5,431",0.20,$7.54,"$5,417",,$33.00,$33.00,,,,718.00,,2024 Tax @ $1.4079/sf,,2024 Tax @ $1.4079/sf,,,,,,Downtown Berkeley Station,0.96,19.00,Single,,No,Existing,Sep 2017,,Americas,,,United States,0,,,,,,,0,,,Panoramic Interests,4434,,4434,,,,,,,"Bicycle Storage, Elevator, Furnished Units Available, Lounge, On-Site Retail, Smoke Free","Area of moderate flood hazard, usually the area between the limits of the 100-year and 500-year floods.",Moderate to Low Risk Areas,,,,"$1,506",$7.44,"$6,025",810,0.30,"$1,502",$7.42,"$6,010",0.00,0,,,False,,,,,,,3.84,Fixed,,,0.38,16633,37.8642996,,,,5108831000,Bond Financing,-122.2581031,Student,04/06/2030,4434,,4434,,,,,,19,45,243,,0,,,6,6,70,,,,,,,,,,,,,,,,"$42,000,000",04/01/2020,UBS,055-1839-020-00,055-1839-020-00,,,,,,,100.00,Niloo Nouri,,,9275759,,,,,1321 Mission St,"San Francisco, CA 94103    ",,Panoramic Management - The Panoramic Apartments,4157017030,Market,No,,,,,,,,,Independent,,,2500,,"$2,912",$7.74,"$2,912",376.,0.30,"$2,905",$7.73,"$2,905",0.00,0,Mid-Rise,North America,0,,0,2024,$1.4079,"$98,551.11","$1,607",$7.91,"$4,820",609,0.20,"$1,603",$7.89,"$4,808",0.00,0,,1,,,0,0,0,0,0,2539 Telegraph Ave Suite # 101,"Berkeley, CA 94704-2917",Patrick Kennedy,Panoramic Interests,5108831000,,,,,,,,,,,"University of California, Berkeley",Pacific Gas & Electric Co. and Others,,,39.7,37.3,"18,193.0","17,288.0","25,386.0","35,619.0","26,453.0","24,760.0","23,163.0","17,306.0","21,743.0","68,889.0","8,304.0",40.9,41.6,40.1,"5,885.0","32,142.0","36,687.0","28,657.0","25,399.0","23,992.0","16,426.0","6,274.0",39.5,40.0,39.1,49.5,"76,798.0","23,447.0","15,954.0","19,639.0","26,380.0","265,492.0","32,416.0","39,428.0","37,063.0","32,400.0","27,527.0","25,327.0","23,241.0","17,758.0","21,710.0","74,436.0","20,391.0","19,350.0","15,427.0","9,668.0","9,600.0",41.5,42.3,40.7,"4,437.0","23,783.0","36,383.0","31,970.0","26,063.0","22,937.0","17,593.0","7,854.0",41.6,51.5,"82,830.0","25,228.0","18,302.0","17,259.0","19,848.0","246,776.0","24,732.0","30,824.0","34,485.0","33,891.0","30,507.0","26,859.0","23,925.0","22,041.0","21,705.0","76,911.0","19,850.0","18,113.0","15,533.0","11,379.0","12,036.0",4,,,A,Existing,"East Bay, CA",Berkeley
,320 Hillcrest Rd,Hollister,CA,95023,https://product.costar.com/detail/all-properties/7869935/contacts,Cody Milch,Commercial Real Estate Broker Associate,cmilch@laundrylux.com,Robert Alonso,N/A,(650) 690-4753 (p),"3,850",$12.60 MG,https://analytics.placer.ai/insights/venues/5636c8b19d9411a2c539fab8/custom-report?filter=%5B%7B%22date%22%3A%7B%22key%22%3A%22last_full_12_months%22%2C%22name%22%3A%22Last+full+12+months%22%2C%22chosenLabel%22%3A%22Last+full+12+months%22%2C%22end%22%3A%222026-01-31%22%2C%22start%22%3A%222025-02-01%22%7D%7D%5D,"$98,493.03","49,594",35.80%,7K,N/A,7.2K,,San Benito,San Benito County,Industrial,Showroom,"36,046","9,370",$12.60 - 18.00,1920,NMU Commercial,,,Renz & Renz Investment & Commercial Brokerage,George Renz,6800 Glenview Dr,"Gilroy, CA 95020",Robert Alonso,Stanley J Alonso Issue Trust,6506904753,,,,,,2/10/2016,"$1,992,500","$3,400,000",Y,74.01,,36046,0.16,Multi,04/16/2009,06069C0185D,06069C,0185D,No,100-year and 500-year Floodplain,,,,,,,No,No,"24 Hour Access, Fitness Center, Mezzanine, Monument Signage, Reception, Security System, Signage, Skylights, Storage Space",,,,$15.7812,,,,,,,$14.96,$18.00,$18.00,,,,,,2024 Tax @ $0.7996/sf; 2025 Est Ops @ $1.6200/sf,,2024 Tax @ $0.7996/sf; 2025 Est Ops @ $1.6200/sf,7.41,,,,,Monterey Regional,41.79,,Single,,No,Existing,,Reinforced Concrete,Americas,,,United States,0,,,,,,,286,,,,9370,Modified Gross,9370,"8/8'0""w x 12'0""h",2025,,,,,"24 Hour Access, Fitness Center, Mezzanine, Monument Signage, Reception, Security System, Signage, Skylights, Storage Space","Area of moderate flood hazard, usually the area between the limits of the 100-year and 500-year floods.",Moderate to Low Risk Areas,,94.32,,,,,,,,,,,,,Yes,False,Yes,,,,,,,,,,1.62,70567,36.8481977,,,,,,-121.3920127,,,6370,,6370,,,,,,,,,None,0,,6,1,,,,,,,,,,,,,,,,58481.00,1.62,"$1,050,000",02/10/2016,Bank of the West,054-280-001-000,054-280-001-000,,,,Heavy,,,,,,,7869935,,,,,6800 Glenview Dr,"Gilroy, CA 95020-6515",,ALONSO STANLEY JOHN IRREV TRUST,,,No,,7500 Arroyo Cir,"Gilroy, CA 95020",4088461042,4088461031,Renz & Renz Investment & Commercial Brokerage,George Renz,4088461031,Independent,Modified Gross,Yes,2520,Wet,,,,,,,,,,,,North America,0,,0,2024,$0.7996,"$28,822.28",,,,,,,,,,,,,,,6850,0,6850,0,6850,6800 Glenview Dr,"Gilroy, CA 95020",Robert Alonso,Stanley J Alonso Issue Trust,6506904753,,,,,,,,,,,,Pacific Gas & Electric Co. and Others,26.0,Yes,36.4,35.8,"3,625.0","4,388.0","4,090.0","3,601.0","3,392.0","3,519.0","3,501.0","3,822.0","3,076.0","6,865.0",791.0,36.9,37.4,36.4,853.0,"2,755.0","3,927.0","3,144.0","3,294.0","2,600.0","1,388.0",388.0,36.2,36.3,36.1,50.2,"17,395.0","3,750.0","4,591.0","4,877.0","4,204.0","35,543.0","3,524.0","4,272.0","5,436.0","4,030.0","3,412.0","3,663.0","3,575.0","4,177.0","3,427.0","8,471.0","2,781.0","2,399.0","1,533.0","1,029.0",729.0,38.3,38.8,37.8,974.0,"3,049.0","4,063.0","3,706.0","3,507.0","3,071.0","1,920.0",682.0,37.6,51.5,"18,341.0","4,242.0","4,683.0","5,064.0","5,062.0","40,466.0","4,590.0","4,416.0","4,978.0","5,115.0","4,540.0","4,080.0","3,908.0","4,352.0","3,777.0","11,280.0","3,420.0","2,894.0","2,196.0","1,458.0","1,312.0",2,,,C,Existing,"San Jose, CA",San Benito County
,8555 San Ysidro Ave,Gilroy,CA,95020-3660,https://product.costar.com/detail/all-properties/1438063/contacts,Cody Milch,CEO & Founder,cmilch@laundrylux.com,Joseph Ramani,jr@pacwestmg.com,(310) 486-9008 (m),"6,000",Withheld,https://analytics.placer.ai/insights/venues/684a5295dcf4b257264262fc/custom-report?filter=%5B%7B%22date%22%3A%7B%22key%22%3A%22last_full_12_months%22%2C%22name%22%3A%22Last+full+12+months%22%2C%22chosenLabel%22%3A%22Last+full+12+months%22%2C%22end%22%3A%222026-01-31%22%2C%22start%22%3A%222025-02-01%22%7D%7D%5D,"$96,500.98","492,969",46.60%,58.4K,3.5M,49.2K,,Santa Clara,Gilroy,Retail (Outlet Center),Freestanding,"69,306","20,022",$17.06 - 20.86 (Est.),1995,C3,"PacWest Management, Inc.",Joseph Ramani,,,11111 Santa Monica Blvd Suite # 520,"Los Angeles, CA 90025-3333",Joseph Ramani,"PacWest Management, Inc.",3104748844,681 Leavesley Rd Suite # 175,"Gilroy, CA 95020-3647",,Simon Premium Outlets,4088474155,12/12/2024,"$6,700,000",,N,71.11,,69306,0.00,Multi,05/18/2009,06085C0639H,06085C,0639H,No,500-year Floodplain,,,,,,,No,No,"Pylon Sign, Signage",,,,,,,,,,,,,,,,,,,2024 Tax @ $4.9469/sf,Gilroy Premium Outlets,2024 Tax @ $4.9469/sf,,,,,,Gilroy,1.97,,,,No,Existing,,Reinforced Concrete,Americas,,,United States,0,,,,,,,0,,,"Chelsea Property Group, Inc.",20022,,20022,1,,,,,,"Pylon Sign, Signage","Area of minimal flood hazard, usually depicted on FIRMs as above the 500-year flood level.",Moderate to Low Risk Areas,,,,,,,,,,,,,,,,False,,,,,,,,,,,6.25,272250,37.0248988,,,,3104748844,,-121.5669332,,,20022,,20022,,,,,,,,,,0,,327,1,,,,,,,,,,,,,,,,,,,,,835-04-062,835-04-062,,,,,,,,Joseph Ramani,,,1438063,,,,,,,,University Square I Llc,,,No,,,,,,,,,Independent,,,1996,,,,,,,,,,,,,North America,0,,0,2024,$4.9469,"$342,850.62",,,,,,,,,,,,,,,20022,0,20022,0,20022,11111 Santa Monica Blvd Suite # 520,"Los Angeles, CA 90025-3333",Joseph Ramani,"PacWest Management, Inc.",3104748844,,,,,,,,,,,,Pacific Gas & Electric Co. and Others,28.9,,37.2,37.1,"4,222.0","5,674.0","5,436.0","4,690.0","4,769.0","4,815.0","4,656.0","4,983.0","4,039.0","9,405.0","1,049.0",38.6,39.3,37.9,904.0,"2,639.0","3,325.0","3,627.0","3,621.0","2,850.0","1,607.0",596.0,38.3,39.1,37.5,52.5,"17,363.0","3,581.0","4,715.0","5,059.0","4,739.0","37,728.0","3,994.0","3,908.0","4,108.0","4,288.0","4,246.0","4,329.0","4,132.0","4,008.0","3,984.0","10,320.0","3,384.0","2,620.0","1,919.0","1,223.0","1,174.0",39.8,40.5,39.1,828.0,"2,639.0","2,936.0","3,223.0","3,283.0","2,863.0","1,780.0",713.0,39.2,53.5,"15,305.0","3,509.0","3,902.0","4,345.0","4,532.0","35,936.0","4,288.0","3,944.0","3,809.0","3,879.0","3,937.0","3,953.0","3,878.0","3,549.0","3,716.0","11,271.0","3,392.0","2,835.0","2,146.0","1,445.0","1,453.0",3,,,B,Existing,"San Jose, CA",Morgan Hill/Gilroy
,708-714 1st St,Napa,CA,94559,https://product.costar.com/detail/all-properties/7412053/contacts,Cody Milch,Owner,cmilch@laundrylux.com,Mary Jane Stevens,maryjane@stevensmj.com,(707) 732-0085 (p),"2,605",$59.40 NNN,https://analytics.placer.ai/insights/venues/aa4805bd7a9b5c2cf2ed682a/custom-report?filter=%5B%7B%22date%22%3A%7B%22key%22%3A%22last_full_12_months%22%2C%22name%22%3A%22Last+full+12+months%22%2C%22chosenLabel%22%3A%22Last+full+12+months%22%2C%22end%22%3A%222026-01-31%22%2C%22start%22%3A%222025-02-01%22%7D%7D%5D,"$46,877.11","29,680",67.30%,6.3K,N/A,27.4K,,Napa,Napa County,Retail (Strip Center),Freestanding,"7,398","2,605",$59.40,1948,CT,Mary Jane Stevens,Mary Jane Stevens,,,3396 Soda Canyon Rd,"Napa, CA 94558",Mary Jane Stevens,Mary Jane Stevens,7077320085,,,,,,,,,N,64.79,,7398,1.35,Multi,09/29/2010,06055C0516F,06055C,0516F,No,500-year Floodplain,,,,,,,No,No,,,,,$59.4000,,,,,,,,,$59.40,,,,,,2024 Tax @ $1.9198/sf,,2024 Tax @ $1.9198/sf,,,,,,Charles M Schulz - Sonoma County,48.65,,Single,,No,Existing,,Masonry,Americas,,,United States,0,,,,,,,0,,,,2605,Triple Net,2605,None,,,,,,,"Area of minimal flood hazard, usually depicted on FIRMs as above the 500-year flood level.",Moderate to Low Risk Areas,,,,,,,,,,,,,,,,False,,,,,,,,Variable,,,0.34,14810,38.3010518,,,,7077320085,Line of Credit,-122.2823218,,,2605,,2605,,,,,,,,,None,0,,10,1,,,,,,,,,,,,,,,,,,"$250,000",03/29/2005,Westamerica Bank,003-182-009,003-182-009,,,,,,,,Mary Jane Stevens,,,7412053,,,,,3396 Soda Canyon Rd,"Napa, CA 94558",,Stevens Robert Douglas & Mary,,,No,,,,,,,,,Independent,Triple Net,,2605,,,,,,,,,,,,,North America,0,,0,2024,$1.9198,"$14,202.96",,,,,,,,,,,,,,,2605,0,2605,0,2605,3396 Soda Canyon Rd,"Napa, CA 94558",Mary Jane Stevens,Mary Jane Stevens,7077320085,,,,,,,,,,,,Pacific Gas & Electric Co.,35.2,,41.6,42.0,"4,243.0","5,496.0","5,533.0","4,703.0","5,670.0","5,957.0","6,219.0","4,807.0","6,016.0","17,410.0","2,181.0",42.3,43.9,40.8,"1,191.0","3,985.0","5,469.0","5,415.0","5,831.0","5,471.0","3,710.0","1,328.0",42.6,44.4,41.1,55.2,"18,671.0","4,218.0","4,942.0","5,593.0","5,396.0","50,235.0","5,106.0","5,232.0","6,207.0","5,770.0","5,512.0","5,632.0","5,648.0","3,918.0","5,732.0","18,391.0","4,858.0","5,083.0","3,833.0","2,377.0","2,240.0",43.0,44.5,41.5,"1,116.0","3,902.0","4,945.0","5,250.0","5,388.0","5,171.0","3,954.0","1,631.0",43.5,55.9,"17,550.0","4,371.0","4,254.0","4,792.0","5,175.0","47,994.0","5,175.0","5,082.0","5,374.0","5,613.0","5,540.0","5,404.0","5,336.0","4,133.0","5,295.0","19,023.0","4,978.0","4,565.0","3,900.0","2,805.0","2,775.0",2,,,C,Existing,"Napa, CA",Napa County
,522 W 2nd St,Antioch,CA,94509-1269,https://product.costar.com/detail/all-properties/1306209/contacts,Cody Milch,N/A,cmilch@laundrylux.com,Sean McCauley,smi@mccauleyinv.com,(925) 766-2031 (m),"5,000",$22.20 MG,,N/A,N/A,N/A,N/A,N/A,N/A,,Contra Costa,Antioch/Pittsburg,Retail,Storefront Retail/Office,"9,866","5,000",$22.20,1950,RTC,Prestige One Investments,Jamie Mallek,,,420 Beatrice Ct Suite # E,"Brentwood, CA 94513    ",Sean McCauley,"Sean McCauley Investments, Inc.",9255137336,,,,,,5/15/2008,"$983,000",,N,49.32,,4933,2.23,Multi,08/03/2016,06095C0714F,06013C,0714F,No,100-year and 500-year Floodplain,,,,,,,No,No,Air Conditioning,,,,$22.2000,,,,,,,,,$22.20,,,,,,2025 Tax @ $1.2419/sf,,2025 Tax @ $1.2419/sf,,,,,,Stockton Metro,41.65,,Single,,No,Existing,,Masonry,Americas,,,United States,0,,,,,,,0,,,,5000,Modified Gross,5000,1,,,,,,Air Conditioning,"Area of moderate flood hazard, usually the area between the limits of the 100-year and 500-year floods.",Moderate to Low Risk Areas,,,,,,,,,,,,,,,,False,,,,,,,,,,,0.17,7405,38.0171483,,,,9256420769,,-121.8136098,,,5000,,5000,,,,,,,,,,0,1,22,2,,,,,,,,,,,,,,,,,,"$933,000",05/15/2008,,066-051-006-6,066-051-006-6,,,,,,,,Jamie Mallek,,,1306209,,,,,880 Northwood Blvd Suite # 2,"Incline Village, NV 89451-8241",,Beaubien Investment Group,7754133557,,No,,,,,,,,,Independent,Modified Gross,,5000,,,,,,,,,,,,,North America,0,,0,2025,$1.2419,"$12,252.97",,,,,,,,,,,,,,,5000,0,5000,0,5000,420 Beatrice Ct Suite # E,"Brentwood, CA 94513    ",Sean McCauley,"Sean McCauley Investments, Inc.",9255137336,,,,,,,,,,,,Pacific Gas & Electric Co. and Others,50.7,,37.1,36.1,"10,251.0","12,428.0","12,336.0","11,771.0","10,299.0","10,774.0","11,503.0","11,332.0","10,371.0","22,446.0","2,314.0",38.2,39.0,37.3,"2,367.0","8,608.0","9,928.0","9,351.0","9,866.0","7,856.0","4,084.0","1,419.0",37.4,38.4,36.4,51.2,"43,931.0","10,403.0","11,178.0","11,642.0","11,794.0","101,173.0","11,815.0","12,181.0","12,128.0","11,303.0","10,461.0","10,483.0","10,609.0","10,708.0","10,399.0","25,926.0","8,807.0","6,886.0","4,756.0","2,795.0","2,682.0",39.2,40.1,38.3,"2,221.0","8,028.0","9,653.0","9,313.0","9,125.0","8,166.0","4,965.0","1,802.0",38.7,52.2,"42,264.0","10,372.0","10,575.0","10,953.0","11,270.0","98,641.0","11,438.0","11,629.0","11,761.0","11,528.0","10,882.0","10,317.0","10,018.0","10,364.0","9,798.0","29,532.0","9,080.0","7,604.0","5,691.0","3,699.0","3,458.0",2,,,C,Existing,"East Bay, CA",Highway 4
,201 3rd St,Santa Rosa,CA,95401,https://product.costar.com/detail/all-properties/5046111/contacts,Inessa Ramos,Broker,iramos@laundrylux.com,David Bowie,N/A,(925) 820-1624 (p),"2,763",$23.40 NNN,,N/A,N/A,N/A,N/A,N/A,N/A,Rabobank,Sonoma,Santa Rosa,Retail,Freestanding,"6,000","2,763",$23.40,2006,TV-M-H-SA,Corcoran Icon Properties,Paul Schwartz,,,25 Augusta Ct,"Alamo, CA 94507-2301",David Bowie,Williams Arthur P & Dorothy E,9258201624,,,,,,6/14/2016,"$2,269,500",,N,53.95,,3000,0.00,Multi,07/19/2022,06097C0737G,06097C,0737G,No,100-year and 500-year Floodplain,,,,,,,No,No,"Car Charging Station, Signage, Signalized Intersection",,,,$23.4000,,,,,,,,$23.40,$23.40,,,,,,2024 Tax @ $5.4660/sf,,2024 Tax @ $5.4660/sf,,,,,,Charles M Schulz - Sonoma County,8.02,,,,No,Existing,,Masonry,Americas,,,United States,0,,,,,,,0,,,,2763,Triple Net,2763,None,,,,,,"Car Charging Station, Signage, Signalized Intersection","Area of moderate flood hazard, usually the area between the limits of the 100-year and 500-year floods.",Moderate to Low Risk Areas,,,,,,,,,,,,,,,,False,,,,,,,,,,,0.18,7841,38.4374033,,,,7074791841,,-122.7188266,,,2763,,2763,,,,,,,,,,0,,,2,,,,,,,,,,,,,,,,,,,,,010-072-017,010-072-017,,,,,,,,Paul Schwartz,,,5046111,,,,,201 3rd St,"Santa Rosa, CA 95401    ",,Mlejnek Family Trust,,,No,,,,,,,,,Independent,Triple Net,,2763,,,,,,,,,,,,,North America,0,,0,2024,$5.4660,"$32,796.06",,,,,,,,,,,,,,,2763,0,2763,0,2763,25 Augusta Ct,"Alamo, CA 94507-2301",David Bowie,Williams Arthur P & Dorothy E,9258201624,,,,,,,,,,,,Pacific Gas & Electric Co.,46.1,,39.7,39.1,"10,113.0","12,973.0","12,403.0","11,778.0","11,900.0","12,213.0","12,612.0","11,616.0","12,403.0","33,322.0","3,968.0",41.0,42.0,39.9,"2,688.0","10,097.0","12,935.0","12,451.0","12,530.0","12,079.0","7,515.0","2,491.0",41.1,42.2,40.1,53.6,"44,648.0","10,328.0","11,452.0","12,069.0","12,180.0","115,441.0","12,299.0","13,301.0","13,663.0","14,235.0","12,936.0","12,514.0","12,115.0","10,799.0","12,198.0","38,376.0","11,604.0","10,201.0","7,913.0","4,549.0","4,109.0",41.9,42.9,40.9,"2,533.0","9,375.0","12,073.0","12,624.0","12,058.0","11,619.0","8,522.0","3,436.0",42.2,54.6,"43,425.0","10,742.0","10,801.0","11,307.0","11,733.0","112,075.0","11,962.0","12,394.0","12,914.0","13,414.0","13,302.0","12,703.0","12,045.0","10,575.0","11,608.0","41,386.0","11,142.0","10,160.0","8,428.0","5,913.0","5,743.0",3,,,B,Existing,"Santa Rosa, CA",Santa Rosa
,925 3rd St,Sacramento,CA,95814-2301,https://product.costar.com/detail/all-properties/12253446/contacts,Inessa Ramos,Executive Director,iramos@laundrylux.com,Theodore Cohen,cohen@cohenmainzer.com,(310) 586-2433 (p),"5,247",$24.00 NNN,https://analytics.placer.ai/insights/venues/3a729c036181d7ec1f48995a/custom-report?filter=%5B%7B%22date%22%3A%7B%22key%22%3A%22last_full_12_months%22%2C%22name%22%3A%22Last+full+12+months%22%2C%22chosenLabel%22%3A%22Last+full+12+months%22%2C%22end%22%3A%222026-01-31%22%2C%22start%22%3A%222025-02-01%22%7D%7D%5D,"$77,347.42","596,407",51.30%,15.9K,N/A,118.4K,,Sacramento,DTown/Midtown/E Sac,Retail,Restaurant,"5,427","5,247",$24.00,1975,C-3-SP,Century 21 Select Commercial,Daniel Mueller,,,1230 Rosecrans Ave Suite # 600,"Manhattan Beach, CA 90266-2477",Theodore Cohen,Cohen Mainzer LLP,3105862400,,,,,,,,,N,3.32,,5427,9.95,Single,06/16/2015,06067C0160J,06067C,0160J,No,100-year and 500-year Floodplain,,,,,,,No,No,"Freeway Visibility, Pylon Sign, Signage",,,,$24.0000,,,,,,,,,$24.00,,,,,,2024 Tax @ $2.1553/sf,,2024 Tax @ $2.1553/sf,,,,,,Sacramento International,10.99,,,,No,Existing,,,Americas,,,United States,0,,,,,,,0,,,,5247,Triple Net,5247,,,,,,,"Freeway Visibility, Pylon Sign, Signage","Area of moderate flood hazard, usually the area between the limits of the 100-year and 500-year floods.",Moderate to Low Risk Areas,,,,,,,,,,,,,,,,False,,,,,,,,,,,1.86,81022,38.5831987,,,,9167049341,,-121.5020801,,,5247,,5247,,,,,,,,,,0,,54,1,,,,,,,,,,,,,,,,,,,,,006-0024-053,006-0024-053,,,,,,,,Daniel Mueller,,,12253446,,,,,5933 W Century Blvd,"Los Angeles, CA 90045-5457",,Sacramento Vagabond Inn Execut,,,No,,,,,,,,,Independent,Triple Net,,5247,,,,,,,,,,,,,North America,0,,0,2024,$2.1553,"$11,696.66",,,,,,,,,,,,,,,5247,0,5247,0,5247,1230 Rosecrans Ave Suite # 600,"Manhattan Beach, CA 90266-2477",Theodore Cohen,Cohen Mainzer LLP,3105862400,,,,,,,,,,,,Sacramento Municipal Util Dist and Others,96.7,,37.3,35.6,"19,166.0","19,517.0","17,774.0","22,356.0","19,172.0","18,757.0","18,992.0","19,361.0","17,874.0","43,057.0","5,124.0",37.9,38.6,37.2,"4,966.0","26,249.0","29,989.0","21,800.0","20,365.0","17,536.0","9,504.0","3,549.0",36.9,37.3,36.5,47.6,"78,846.0","21,593.0","19,031.0","18,828.0","20,731.0","211,224.0","26,024.0","31,386.0","31,253.0","25,877.0","21,094.0","19,184.0","18,152.0","19,394.0","17,523.0","47,912.0","15,607.0","12,759.0","8,922.0","5,265.0","5,359.0",39.0,39.7,38.2,"4,542.0","20,856.0","30,411.0","25,320.0","20,453.0","17,961.0","11,700.0","4,578.0",38.9,49.8,"81,819.0","22,152.0","19,680.0","18,915.0","19,253.0","206,347.0","21,612.0","25,739.0","28,943.0","28,474.0","24,976.0","21,267.0","18,787.0","21,072.0","17,296.0","54,139.0","15,877.0","13,673.0","10,609.0","7,040.0","6,940.0",2,,,C,Existing,"Sacramento, CA",Sacramento County
,640 4th St,Santa Rosa,CA,95404-4406,https://product.costar.com/detail/all-properties/4112479/contacts,Inessa Ramos,Senior Real Estate Agent,iramos@laundrylux.com,Erlina & Roman D'Argenzio,,(707) 578-1674 (p),"600 - 4,600",$19.80 MG,https://analytics.placer.ai/insights/venues/d8b5a4c1f62a9ba137e10bba/custom-report?filter=%5B%7B%22date%22%3A%7B%22key%22%3A%22last_full_12_months%22%2C%22name%22%3A%22Last+full+12+months%22%2C%22chosenLabel%22%3A%22Last+full+12+months%22%2C%22end%22%3A%222026-02-28%22%2C%22start%22%3A%222025-03-01%22%7D%7D%5D,"$86,323.64","110,781",52.20%,5.2K,N/A,6.2K,Willowbrooke,Sonoma,Santa Rosa,Retail,Storefront,"4,700","4,600",$19.80,1971,CMU + DSA,Keegan & Coppin Inc.,Erlina D'Argenzio,,,640 4th St,"Santa Rosa, CA 95404-4406",,Dino And Maria Dargenzio Family Trust,7074834783,,,,,,12/29/2025,"$515,000",,N,2.13,,4700,,Single,12/02/2008,06097C0729E,06097C,0729E,No,100-year and 500-year Floodplain,,,,,,,No,No,"Signage, Signalized Intersection",,,,$19.8000,,,,,,,,,$19.80,,,,,,2024 Tax @ $4.3005/sf,,2024 Tax @ $4.3005/sf,,,,,,Charles M Schulz - Sonoma County,8.18,,Single,,No,Existing,,Reinforced Concrete,Americas,,,United States,0,,,,,,,0,,,,4600,Modified Gross,4600,,,,,,,"Signage, Signalized Intersection","Area of moderate flood hazard, usually the area between the limits of the 100-year and 500-year floods.",Moderate to Low Risk Areas,,,,,,,,,,,,,,,,False,,,,,,,,,,,0.12,5227,38.4408503,,,,7075281400,Conventional,-122.7126317,,,4600,,4600,,,,,,,,,,0,,,1,,,,,,,,,,,,,,,,,,"$175,000",12/30/2025,STEVEN JAMES ILLIA TRUST,009-013-015,009-013-015,,,,,,,,Erlina D'Argenzio,,,4112479,,,,,640 4th St,"Santa Rosa, CA 95404-4406",,Dino And Maria Dargenzio Family Trust,7074834783,,No,,,,,,,,,Independent,Modified Gross,,600,,,,,,,,,,,,,North America,0,,0,2024,$4.3005,"$19,782.20",,,,,,,,,,,,,,,4600,0,4600,0,4600,640 4th St,"Santa Rosa, CA 95404-4406",,Dino And Maria Dargenzio Family Trust,7074834783,,,,,,,,,,,,Pacific Gas & Electric Co.,97.9,,39.7,39.2,"10,071.0","12,939.0","12,375.0","11,705.0","11,869.0","12,169.0","12,547.0","11,572.0","12,343.0","33,340.0","3,987.0",41.0,42.1,40.0,"2,679.0","10,043.0","12,883.0","12,427.0","12,496.0","12,074.0","7,538.0","2,506.0",41.2,42.2,40.1,53.6,"44,527.0","10,285.0","11,427.0","12,050.0","12,141.0","115,023.0","12,236.0","13,222.0","13,593.0","14,189.0","12,911.0","12,489.0","12,080.0","10,765.0","12,162.0","38,417.0","11,588.0","10,199.0","7,928.0","4,569.0","4,133.0",41.9,43.0,40.9,"2,528.0","9,339.0","12,018.0","12,593.0","12,034.0","11,609.0","8,539.0","3,454.0",42.3,54.7,"43,298.0","10,702.0","10,772.0","11,286.0","11,710.0","111,721.0","11,926.0","12,338.0","12,848.0","13,355.0","13,263.0","12,677.0","12,021.0","10,538.0","11,583.0","41,413.0","11,124.0","10,154.0","8,436.0","5,928.0","5,771.0",3,,,C,Existing,"Santa Rosa, CA",Santa Rosa
,1006 4th St,Sacramento,CA,95814,https://product.costar.com/detail/all-properties/11517556/contacts,Inessa Ramos,Senior Vice President,iramos@laundrylux.com,Mohinder Dale,N/A,(530) 822-0112 (p),"3,389",$48.00 NNN,https://analytics.placer.ai/insights/venues/3a729c036181d7ec1f48995a/custom-report?filter=%5B%7B%22date%22%3A%7B%22key%22%3A%22last_full_12_months%22%2C%22name%22%3A%22Last+full+12+months%22%2C%22chosenLabel%22%3A%22Last+full+12+months%22%2C%22end%22%3A%222026-02-28%22%2C%22start%22%3A%222025-03-01%22%7D%7D%5D,"$76,403.78","579,928",52.10%,15.9K,5.8M,118.7K,"The Exchange Sacramento, Curio Collection by Hilton",Sacramento,Sacramento CBD,Hospitality,Hotel,"64,266","3,389",$48.00,1914,C3,,,,,P.O.Box 272,"Yuba City, CA 95992",,Dale Investments,5306712577,,,,,,,,,N,,2021,6427,0.00,,06/16/2015,06067C0160J,06067C,0160J,No,100-year and 500-year Floodplain,,,,,,,No,No,"Boutique/Lifestyle Hotel, Business Center, Digital key, Fitness Center, Meeting Event Space, On-Site Bar, Public Access Wifi, Restaurant, Room Service, Smoke-Free",,,Arris Studio Architects,$48.0000,,,,,,,,,$48.00,,,,,Curio Collection by Hilton,2024 Tax @ $3.0577/sf,,2024 Tax @ $3.0577/sf,,,,,,Sacramento Valley Station,0.31,6.00,Multiple,,No,Existing,,,Americas,,,United States,0,,,,,,Monthly & Daily,0,,,Dale Investments,3389,,0,,,,,,,"Boutique/Lifestyle Hotel, Business Center, Digital key, Fitness Center, Meeting Event Space, On-Site Bar, Public Access Wifi, Restaurant, Room Service, Smoke-Free","Area of moderate flood hazard, usually the area between the limits of the 100-year and 500-year floods.",Moderate to Low Risk Areas,,,,,,,,,,,,,,,,False,,Upper Upscale,,Urban,09/29/2021,Concord Hospitality Enterprises,,Variable,,,0.22,9652,38.5822683,,,,,Line of Credit,-121.5017892,,,3389,972,3389,6,9,1,,,,,,,0,,,10,,,,,,,,,,,,,,Franchise,Open,,,"$25,000,000",07/09/2018,Farm Credit West Pca,006-0087-047,006-0087-048,Hilton Worldwide,,,,,,,,Interior,,11517556,,,,,,,,Exchange Hotel LLC,,,Yes,100,,,,,,,,Upper Upscale,,,3389,,,,,,,,,,,,,North America,0,,0,2024,$3.0577,"$196,507.68",,,,,,,,,,,,,972,,3389,0,0,0,0,P.O.Box 272,"Yuba City, CA 95992",,Dale Investments,5306712577,,,,,,,,,,,,Sacramento Municipal Util Dist and Others,,,37.4,35.6,"19,115.0","19,474.0","17,768.0","22,367.0","19,177.0","18,770.0","19,012.0","19,312.0","17,887.0","43,216.0","5,159.0",37.9,38.7,37.2,"4,967.0","26,242.0","29,938.0","21,797.0","20,391.0","17,573.0","9,549.0","3,577.0",36.9,37.3,36.6,47.7,"78,665.0","21,548.0","18,979.0","18,799.0","20,728.0","211,060.0","26,025.0","31,341.0","31,186.0","25,819.0","21,071.0","19,187.0","18,166.0","19,339.0","17,537.0","48,051.0","15,624.0","12,787.0","8,952.0","5,292.0","5,396.0",39.0,39.7,38.3,"4,538.0","20,858.0","30,381.0","25,299.0","20,472.0","17,996.0","11,741.0","4,608.0",38.9,49.8,"81,658.0","22,124.0","19,631.0","18,872.0","19,227.0","206,152.0","21,604.0","25,724.0","28,903.0","28,421.0","24,932.0","21,246.0","18,787.0","21,031.0","17,308.0","54,265.0","15,893.0","13,695.0","10,634.0","7,064.0","6,979.0",3,,,B,Existing,"Sacramento, CA",Sacramento CA
,706-724 5th St,Davis,CA,95616-4112,https://product.costar.com/detail/all-properties/346695/contacts,Inessa Ramos,Property Manager,iramos@laundrylux.com,Lisha Shaw,rent@allypropertymanagement.net,(530) 753-2303 (p),"450 - 4,000",$2.50 NEGOT,https://analytics.placer.ai/insights/venues/e8e6b26b66f6331945b2c8e5/custom-report?filter=%5B%7B%22date%22%3A%7B%22key%22%3A%22last_full_12_months%22%2C%22name%22%3A%22Last+full+12+months%22%2C%22chosenLabel%22%3A%22Last+full+12+months%22%2C%22end%22%3A%222026-02-28%22%2C%22start%22%3A%222025-03-01%22%7D%7D%5D,"$77,728.94","78,443",59.70%,8.4K,N/A,13.3K,,Yolo,Davis/Woodland,Office,,"9,000","4,000",$2.50,1980,C-C,Select Commercial Brokers,Lisha Shaw,,,1222 Marina Cir,"Davis, CA 95616",Rita Seiber,Rita P. Seiber & James N. Seiber,5307535587,200 B St Suite # E,"Davis, CA 95616-4575",Lisha Shaw,Select Commercial Brokers,5307586868,2/16/2017,,,N,55.56,2014,1200,2.22,Multi,06/18/2010,06113C0611G,06113C,0611G,No,100-year and 500-year Floodplain,,,,,,,No,No,"24 Hour Access, Air Conditioning, Bicycle Storage, Central Heating, Conferencing Facility, Drop Ceiling, Fully Carpeted, Natural Light, Open-Plan, Signage",,,,$2.5000,,,,,,,,$2.50,$2.50,,,,,,2024 Tax @ $0.5123/sf,,2024 Tax @ $0.5123/sf,,,,,,Sacramento International,21.11,,Multiple,,No,Existing,,Wood Frame,Americas,,,United States,0,,,,,,,0,,,,4000,,4000,,,,,,,"24 Hour Access, Air Conditioning, Bicycle Storage, Central Heating, Conferencing Facility, Drop Ceiling, Fully Carpeted, Natural Light, Open-Plan, Signage","Area of moderate flood hazard, usually the area between the limits of the 100-year and 500-year floods.",Moderate to Low Risk Areas,,,,,,,,,,,,,,,,False,,,,,,,,,,,0.24,10454,38.547148,,,,5307532303,Conventional,-121.740707,,,4000,,4000,,,,,,,,,,1,,20,2,,,,,,,,,,,,,,,,,,"$810,000",03/30/2022,Jp Morgan Chase Bank,070-215-004-000,070-215-004-000,,,,,,,,Lisha Shaw,,,346695,,,,,1222 Marina Cir,"Davis, CA 95616",,Seiber James N & Rita P Trust,,,No,,,,,,,,,Independent,,,450,,,,,,,,,,,,,North America,0,,0,2024,$0.5123,"$4,610.89",,,,,,,,,,,,,,,4000,0,4000,0,4000,1222 Marina Cir,"Davis, CA 95616",Rita Seiber,Rita P. Seiber & James N. Seiber,5307535587,,,,,,,,,,,"University of California, Davis",Pacific Gas & Electric Co. and Others,44.4,,34.4,26.3,"2,861.0","3,366.0","10,004.0","18,116.0","3,249.0","3,321.0","3,303.0","3,071.0","3,235.0","10,190.0","1,357.0",33.7,33.9,33.4,"3,964.0","7,805.0","3,859.0","3,497.0","3,469.0","3,232.0","2,254.0",934.0,27.4,27.1,27.7,42.1,"18,863.0","4,805.0","3,078.0","7,906.0","17,389.0","54,741.0","11,690.0","6,017.0","3,995.0","3,333.0","3,168.0","3,163.0","3,023.0","3,074.0","2,963.0","10,142.0","2,572.0","2,678.0","2,029.0","1,392.0","1,471.0",33.9,34.3,33.3,"1,892.0","8,966.0","5,570.0","3,482.0","3,232.0","2,980.0","2,327.0","1,096.0",30.4,42.0,"20,768.0","7,583.0","3,578.0","4,480.0","9,093.0","54,160.0","11,910.0","10,031.0","6,626.0","4,360.0","3,383.0","3,048.0","2,914.0","5,127.0","2,795.0","10,284.0","2,579.0","2,381.0","2,061.0","1,534.0","1,729.0",2,,,B,Existing,"Sacramento, CA",Yolo County
,1028-1032 11th St,Modesto,CA,95354,https://product.costar.com/detail/all-properties/4368753/contacts,Ryan Blatt,N/A,ryan@beverly-road.com,John Varni,N/A,(818) 361-2382 (p),N/A,N/A,https://analytics.placer.ai/insights/venues/38b52ae31b755649fed38205/custom-report?filter=%5B%7B%22date%22%3A%7B%22key%22%3A%22last_full_12_months%22%2C%22name%22%3A%22Last+full+12+months%22%2C%22chosenLabel%22%3A%22Last+full+12+months%22%2C%22end%22%3A%222026-02-28%22%2C%22start%22%3A%222025-03-01%22%7D%7D%5D,"$78,011.09","435,658",60.80%,7.4K,N/A,62.5K,,Stanislaus,Modesto,Office,,"11,500","3,000",$18.00,1970,"C-2, Modesto",Stanislaus Distributing Co.,,,,636 Fermoore St,"San Fernando, CA 91340-2010",John Varni,LVG Enterprises Inc,8183612382,,,,,,6/17/2025,"$1,350,000",,N,73.91,,11500,0.87,Multi,09/26/2008,06099C0325E,06099C,0325E,No,100-year and 500-year Floodplain,,,,,,,No,No,,,,,$18.0000,,,,,,,,,$18.00,,,,,,2024 Tax @ $2.0935/sf,,2024 Tax @ $2.0935/sf,,,,,,Stockton Metro,24.91,,Single,,No,Existing,,Reinforced Concrete,Americas,,,United States,0,,,,,,,0,,,,3000,,3000,,,,,,,,"Area of moderate flood hazard, usually the area between the limits of the 100-year and 500-year floods.",Moderate to Low Risk Areas,,,,,,,,,,,,,,,,False,,,,,,,,Variable,,,0.37,16117,37.642158,,,,,Conventional,-121.0000388,,,3000,,3000,,,,,,,,,,0,,10,1,,,,,,,,,,,,,,,,,,"$675,000",06/17/2025,*Other Institutional Lender,105-27-10,105-27-10,,,,,,,,,,,4368753,,,,,,,,Jlv Investments Llc,,,No,,,,,,,,,Independent,,,3000,,,,,,,,,,,,,North America,0,,0,2024,$2.0935,"$24,074.68",,,,,,,,,,,,,,,3000,0,3000,0,3000,636 Fermoore St,"San Fernando, CA 91340-2010",John Varni,LVG Enterprises Inc,8183612382,,,,,,,,,,,,Modesto Irrigation District and Others,26.1,,36.8,35.3,"18,807.0","23,271.0","21,438.0","19,055.0","16,821.0","16,956.0","17,518.0","21,262.0","16,618.0","41,701.0","4,765.0",36.9,37.8,36.0,"4,406.0","15,861.0","18,393.0","16,036.0","16,152.0","13,998.0","7,440.0","3,162.0",35.4,36.3,34.6,50.7,"83,998.0","19,050.0","22,518.0","22,187.0","20,458.0","168,438.0","20,164.0","21,417.0","21,916.0","19,109.0","16,949.0","16,684.0","16,158.0","20,243.0","15,583.0","43,527.0","14,650.0","10,908.0","7,561.0","4,987.0","5,421.0",38.1,39.0,37.3,"4,371.0","14,849.0","17,890.0","16,443.0","15,321.0","14,090.0","8,912.0","3,718.0",36.9,51.5,"78,734.0","18,326.0","20,224.0","21,290.0","21,095.0","169,148.0","20,331.0","20,236.0","20,736.0","20,219.0","18,504.0","16,925.0","15,929.0","18,894.0","15,173.0","48,548.0","14,269.0","12,299.0","9,296.0","6,168.0","6,516.0",2,,,C,Existing,"Modesto, CA",Stanislaus County
,200-228 E 11th Ave,Eugene,OR,97401,https://product.costar.com/detail/all-properties/5316843/contacts,Ryan Blatt,Broker,ryan@beverly-road.com,Jordan Iverson,jordan@iversonsignaturehomes.com,(541) 579-3604 (p),"3,437",$18.96 NNN,https://analytics.placer.ai/insights/complexes/6764131514c17ef5a45468ac/custom-report?filter=%5B%7B%22date%22%3A%7B%22key%22%3A%22past_12_months%22%2C%22name%22%3A%22Past+12+months%22%2C%22chosenLabel%22%3A%22Past+12+months%22%2C%22end%22%3A%222026-02-28%22%2C%22start%22%3A%222025-03-01%22%7D%7D%5D,"$42,898.23",5887,31.40%,5.5K,N/A,5.1K,East 11th & Pearl,Lane,Lane County,Office,,"17,533","5,109",$15.84 - 18.96,1962,C-2,Windermere Real Estate Lane County,Justin Schmick,,,1464 Willamette St,"Eugene, OR 97401",Jordan Iverson,Jordan Iverson Signature Homes,5415793604,,,,,,2/21/2020,,,N,70.86,,11711,1.92,Multi,06/02/1999,41039C1137F,41039C,1137F,No,100-year and 500-year Floodplain,,,,,,,No,No,,,,,$17.9389,,,,,,,,$15.84,$18.96,,,,,,2025 Tax @ $1.7925/sf,,2025 Tax @ $1.7925/sf,,,,,,Mahlon Sweet Field,9.48,,Single,,No,Existing,,Masonry,Americas,,,United States,0,,,,,,,0,,,,5109,Triple Net,5109,,,,,,,,"Area of moderate flood hazard, usually the area between the limits of the 100-year and 500-year floods.",Moderate to Low Risk Areas,,,,,,,,,,,,,,,,False,,,,,,,4.5,Variable,,,0.48,20909,44.0475217,,,,5414658107,,-123.0892266,,,3437,,3437,,,,,,,,,,0,,45,2,,,17533,,,,,,,,,,,,,,,"$1,135,000",01/27/2020,Summit Bank,0273902,0273902,,,,,,,,Justin Schmick,,E 11th and Pearl,5316843,,,,,1464 Willamette St,"Eugene, OR 97401",,Workspace Eugene Llc,,,No,,,,,,,,,Independent,Triple Net,,1672,,,,,,,,,,,,,North America,0,,0,2025,$1.7925,"$31,428.09",,,,,,,,,,,,,,,5109,0,5109,0,5109,1464 Willamette St,"Eugene, OR 97401",Jordan Iverson,Jordan Iverson Signature Homes,5415793604,,,,,,,,,,,University of Oregon,City Of Eugene - (Or) and Others,29.1,,39.6,37.1,"8,918.0","10,228.0","13,798.0","23,668.0","11,411.0","10,801.0","11,228.0","9,963.0","12,104.0","38,024.0","4,374.0",39.7,40.7,38.7,"5,602.0","16,906.0","14,538.0","12,955.0","12,204.0","13,877.0","8,717.0","3,230.0",37.0,38.0,36.0,50.4,"42,590.0","10,849.0","9,519.0","12,666.0","21,552.0","127,546.0","19,268.0","15,988.0","13,590.0","13,385.0","12,033.0","11,066.0","9,675.0","9,556.0","10,989.0","39,587.0","11,160.0","10,827.0","8,003.0","4,828.0","4,769.0",40.1,41.0,39.1,"3,575.0","16,515.0","16,178.0","13,761.0","11,931.0","12,329.0","9,794.0","4,124.0",38.1,50.7,"45,419.0","13,592.0","9,976.0","10,455.0","14,352.0","124,330.0","17,735.0","17,731.0","15,700.0","13,980.0","12,780.0","11,692.0","10,453.0","11,396.0","9,907.0","40,431.0","9,944.0","9,791.0","8,475.0","6,053.0","6,168.0",3,,,B,Existing,"Eugene, OR",Lane County
,2160 W 11th Ave,Eugene,OR,97402,https://product.costar.com/detail/all-properties/5886045/contacts,Ryan Blatt,Broker,ryan@beverly-road.com,John Arnsberg,johnarnsberg@comcast.net,(503) 246-9838 (m),"2,655",$12.36 NNN,https://analytics.placer.ai/insights/venues/ac603e242b9ea367be0f71ba/area-analysis?filter=%5B%7B%22date%22%3A%7B%22key%22%3A%22past_12_months%22%2C%22name%22%3A%22Past+12+months%22%2C%22chosenLabel%22%3A%22Past+12+months%22%2C%22end%22%3A%222026-02-28%22%2C%22start%22%3A%222025-03-01%22%7D%7D%5D,"$54,249.04","84,852",53.20%,17.5K,N/A,11.6K,,Lane,Lane County,Retail (Neighborhood Center),,"20,718","3,681",$12.36,1982,C-2,CW Walker & Associates,Diana Bray,,,7726 SW Hunt Club Pl,"Portland, OR 97219",John Arnsberg,John Stanley Arnsberg,5033182264,,,,,,,,,N,82.23,,20718,5.84,Multi,06/02/1999,41039C1136F,41039C,1136F,No,100-year and 500-year Floodplain,,,,,,,No,No,"Pylon Sign, Signage",,,,$12.3600,,,,,,,,$12.36,$12.36,,,,,,2025 Tax @ $1.7804/sf,Centre West,2025 Tax @ $1.7804/sf,,,,,,Mahlon Sweet Field,8.01,,,,No,Existing,,,Americas,,,United States,0,,,,,,,0,,,,3681,Triple Net,3681,None,,,,,,"Pylon Sign, Signage","Area of moderate flood hazard, usually the area between the limits of the 100-year and 500-year floods.",Moderate to Low Risk Areas,,,,,,,,,,,,,,,,False,,,,,,,,,,,2.81,122330,44.047114,,,,5414844422,,-123.126176,,,2655,,2655,,,,,,,,,None,0,,121,1,,,,,,,,,,,,,,,,,,,,,0483337,0483337,,,,,,,,Diana Bray,,,5886045,,,,,7726 Sw Hunt Club Pl,"Portland, OR 97219-1181",,Centre West Llc,,,No,,,,,,,,,Independent,Triple Net,,1026,,,,,,,,,,,,,North America,0,,0,2025,$1.7804,"$36,885.55",,,,,,,,,,,,,,,3681,0,3681,0,3681,7726 SW Hunt Club Pl,"Portland, OR 97219",John Arnsberg,John Stanley Arnsberg,5033182264,,,,,,,,,,,,City Of Eugene - (Or) and Others,17.8,,39.7,37.3,"8,752.0","10,212.0","13,868.0","23,136.0","11,390.0","10,761.0","11,091.0","9,851.0","11,858.0","38,169.0","4,375.0",39.9,40.8,38.9,"5,489.0","16,273.0","14,043.0","12,684.0","11,902.0","13,672.0","8,693.0","3,216.0",37.2,38.3,36.2,50.7,"42,040.0","10,567.0","9,432.0","12,661.0","21,238.0","125,021.0","18,700.0","15,444.0","13,223.0","13,115.0","11,898.0","11,003.0","9,590.0","9,380.0","10,810.0","39,580.0","11,054.0","10,829.0","8,045.0","4,869.0","4,783.0",40.2,41.2,39.2,"3,507.0","16,037.0","15,595.0","13,389.0","11,681.0","12,084.0","9,717.0","4,114.0",38.3,50.9,"44,587.0","13,266.0","9,807.0","10,377.0","14,233.0","122,098.0","17,428.0","17,278.0","15,245.0","13,627.0","12,544.0","11,556.0","10,375.0","11,137.0","9,812.0","40,333.0","9,839.0","9,725.0","8,477.0","6,083.0","6,209.0",2,,,C,Existing,"Eugene, OR",Lane County
,3520 W 11th Ave,Eugene,OR,97402,https://product.costar.com/detail/all-properties/5898753/contacts,Ryan Blatt,N/A,ryan@beverly-road.com,N/A,N/A,N/A,N/A,N/A,https://analytics.placer.ai/insights/venues/4a4b1e89eb7d6955cf15f29d/area-analysis?filter=%5B%7B%22date%22%3A%7B%22key%22%3A%22past_12_months%22%2C%22name%22%3A%22Past+12+months%22%2C%22chosenLabel%22%3A%22Past+12+months%22%2C%22end%22%3A%222026-02-28%22%2C%22start%22%3A%222025-03-01%22%7D%7D%5D,"$58,454.01","177,797",50.00%,18.2K,N/A,103.4K,,Lane,Lane County,Retail,Storefront Retail/Office,"5,400","5,400",$21.00,2000,C-2,,,,,PO BOX 2055,"EUGENE, OR 97402",,Marvin Philip L & Joan C,,,,,,,,,,N,0.00,,5000,5.93,Single,06/02/1999,41039C1117F,41039C,1117F,No,100-year and 500-year Floodplain,,,,,,,No,No,"Pylon Sign, Signage, Signalized Intersection",,,,$21.0000,,,,,,,,,$21.00,,,,,,2025 Tax @ $1.3795/sf,,2025 Tax @ $1.3795/sf,,,,,,Mahlon Sweet Field,7.83,,,,No,Existing,,,Americas,,,United States,0,,,,,,,0,,,,5400,Triple Net,5400,None,,,,,,"Pylon Sign, Signage, Signalized Intersection","Area of moderate flood hazard, usually the area between the limits of the 100-year and 500-year floods.",Moderate to Low Risk Areas,,,,,,,,,,,,,,,,False,,,,,,,,,,,0.80,34848,44.04774,,,,,,-123.143722,,,5400,,5400,,,,,,,,,None,0,,44,2,,,400,,,,,,,,,,,,,,,,,,0467660,0467660,,,,,,,,,,,5898753,,,,,PO BOX 2055,"EUGENE, OR 97402",,Marvin Philip L & Joan C,,,No,,,,,,,,,Independent,Triple Net,,5000,,,,,,,,,,,,,North America,0,,0,2025,$1.3795,"$7,449.56",,,,,,,,,,,,,,,5400,0,5400,0,5400,,,,,,,,,,,,,,,,,City Of Eugene - (Or) and Others,100.0,,39.6,37.2,"7,849.0","9,279.0","12,972.0","21,954.0","10,487.0","9,837.0","10,101.0","8,884.0","10,788.0","34,928.0","3,909.0",39.8,40.7,38.9,"5,148.0","14,982.0","12,731.0","11,518.0","10,735.0","12,429.0","7,898.0","2,865.0",37.1,38.0,36.1,50.5,"38,272.0","9,633.0","8,520.0","11,661.0","19,951.0","114,886.0","17,344.0","14,097.0","12,048.0","11,951.0","10,884.0","10,059.0","8,733.0","8,458.0","9,819.0","36,123.0","10,085.0","9,936.0","7,370.0","4,435.0","4,297.0",40.2,41.1,39.2,"3,221.0","14,819.0","14,207.0","12,137.0","10,565.0","10,931.0","8,835.0","3,709.0",38.2,50.7,"40,684.0","12,203.0","8,883.0","9,440.0","13,155.0","112,091.0","16,184.0","15,955.0","13,966.0","12,431.0","11,438.0","10,555.0","9,470.0","10,158.0","8,937.0","36,801.0","8,957.0","8,878.0","7,761.0","5,566.0","5,639.0",2,,,B,Existing,"Eugene, OR",Lane County
,3570 W 11th Ave,Eugene,OR,97402,https://product.costar.com/detail/all-properties/1587791/contacts,Ryan Blatt,Principal Broker,ryan@beverly-road.com,N/A,N/A,N/A,N/A,N/A,https://analytics.placer.ai/insights/venues/1de719532b25a0b057bee8f3/area-analysis?filter=%5B%7B%22date%22%3A%7B%22key%22%3A%22past_12_months%22%2C%22name%22%3A%22Past+12+months%22%2C%22chosenLabel%22%3A%22Past+12+months%22%2C%22end%22%3A%222026-02-28%22%2C%22start%22%3A%222025-03-01%22%7D%7D%5D,"$54,575.70","127,936",54.50%,18.2K,N/A,90K,,Lane,Lane County,Retail,Storefront,"14,557","4,926",$18.00,1992,C-2 Community Commercial,CW Walker & Associates,Matt Hogan,,,39666 Sweetwater Dr,"Palm Desert, CA 92211",,Hope Carol J,,,,,,,,,,N,66.16,,14557,0.89,Multi,06/02/1999,41039C1117F,41039C,1117F,No,100-year and 500-year Floodplain,,,,,,,No,No,"Air Conditioning, Pylon Sign, Restaurant, Security System, Signage",,,,$18.0000,,,,,,,,,$18.00,,,,,,2025 Tax @ $2.1144/sf,,2025 Tax @ $2.1144/sf,,,,,,Mahlon Sweet Field,7.94,,,,No,Existing,,,Americas,,,United States,0,,,,,,,0,,,,4926,Triple Net,4926,None,,,,,,"Air Conditioning, Pylon Sign, Restaurant, Security System, Signage","Area of moderate flood hazard, usually the area between the limits of the 100-year and 500-year floods.",Moderate to Low Risk Areas,,,,,,,,,,,,,,,,False,,,,,,,,,,,1.15,50094,44.047605,,,,5414844422,,-123.145307,,,4926,,4926,,,,,,,,,,0,,13,1,,,,,,,,,,,,,,,,,,,,,0467678,0467678,,,,,,,,Matt Hogan,,,1587791,,,,,39666 Sweetwater Dr,"Palm Desert, CA 92211",,Hope Carol J,,,No,,,,,,,,,Independent,Triple Net,,4926,,,,,,,,,,,,,North America,0,,0,2025,$2.1144,"$30,778.62",,,,,,,,,,,,,,,4926,0,4926,0,4926,39666 Sweetwater Dr,"Palm Desert, CA 92211",,Hope Carol J,,,,,,,,,,,,,City Of Eugene - (Or) and Others,33.8,,39.6,37.1,"7,745.0","9,143.0","12,840.0","21,846.0","10,358.0","9,716.0","9,976.0","8,753.0","10,647.0","34,446.0","3,861.0",39.8,40.7,38.8,"5,111.0","14,876.0","12,594.0","11,376.0","10,598.0","12,262.0","7,785.0","2,827.0",37.0,38.0,36.1,50.4,"37,777.0","9,530.0","8,391.0","11,515.0","19,800.0","113,704.0","17,220.0","13,974.0","11,919.0","11,807.0","10,746.0","9,930.0","8,620.0","8,341.0","9,688.0","35,607.0","9,946.0","9,795.0","7,262.0","4,367.0","4,237.0",40.1,41.1,39.2,"3,186.0","14,701.0","14,075.0","11,994.0","10,430.0","10,785.0","8,712.0","3,657.0",38.1,50.7,"40,202.0","12,086.0","8,764.0","9,308.0","13,008.0","110,889.0","16,039.0","15,821.0","13,837.0","12,297.0","11,301.0","10,421.0","9,347.0","10,044.0","8,818.0","36,276.0","8,835.0","8,754.0","7,649.0","5,483.0","5,555.0",2,,,C,Existing,"Eugene, OR",Lane County